,sector
ADANIPORTS.NS,Industrials
ASIANPAINT.NS,Basic Materials
AXISBANK.NS,Financial Services
BAJAJFINSV.NS,Financial Services
BAJFINANCE.NS,Financial Services
BHARTIARTL.NS,Communication Services
BPCL.NS,Energy
BRITANNIA.NS,Consumer Defensive
CIPLA.NS,Healthcare
COALINDIA.NS,Energy
DIVISLAB.NS,Healthcare
DRREDDY.NS,Healthcare
EICHERMOT.NS,Consumer Cyclical
GRASIM.NS,Basic Materials
HCLTECH.NS,Technology
HDFCBANK.NS,Financial Services
HEROMOTOCO.NS,Consumer Cyclical
HINDALCO.NS,Basic Materials
HINDUNILVR.NS,Consumer Defensive
ICICIBANK.NS,Financial Services
INDUSINDBK.NS,Financial Services
INFY.NS,Technology
ITC.NS,Consumer Defensive
JSWSTEEL.NS,Basic Materials
KOTAKBANK.NS,Financial Services
LT.NS,Industrials
M&M.NS,Consumer Cyclical
MARUTI.NS,Consumer Cyclical
NESTLEIND.NS,Consumer Defensive
NTPC.NS,Utilities
ONGC.NS,Energy
POWERGRID.NS,Utilities
RELIANCE.NS,Energy
SBIN.NS,Financial Services
SUNPHARMA.NS,Healthcare
TATASTEEL.NS,Basic Materials
TCS.NS,Technology
TECHM.NS,Technology
TITAN.NS,Consumer Cyclical
ULTRACEMCO.NS,Basic Materials
WIPRO.NS,Technology
