,shares
ADANIPORTS.NS,2303959098.0
ASIANPAINT.NS,958644295.0
AXISBANK.NS,3113689740.0
BAJAJFINSV.NS,1600244726.0
BAJFINANCE.NS,6220913102.0
BHARTIARTL.NS,6238008259.0
BPCL.NS,4272584874.0
BRITANNIA.NS,240868296.0
CIPLA.NS,807870615.0
COALINDIA.NS,6162728327.0
DIVISLAB.NS,265468580.0
DRREDDY.NS,832988625.0
EICHERMOT.NS,274521706.0
GRASIM.NS,678236431.0
HCLTECH.NS,2705766714.0
HDFCBANK.NS,15418477012.0
HEROMOTOCO.NS,200141207.0
HINDALCO.NS,2219837078.0
HINDUNILVR.NS,2349591262.0
ICICIBANK.NS,7178409931.0
INDUSINDBK.NS,779144712.0
INFY.NS,4050343559.0
ITC.NS,12530517081.0
JSWSTEEL.NS,2440978228.0
KOTAKBANK.NS,9947881278.0
LT.NS,1375866086.0
M&M.NS,1200762264.0
MARUTI.NS,314402574.0
NESTLEIND.NS,1928314320.0
NTPC.NS,9696666134.0
ONGC.NS,12580279206.0
POWERGRID.NS,9300603819.0
RELIANCE.NS,13532472634.0
SBIN.NS,9230617586.0
SUNPHARMA.NS,2399334970.0
TATASTEEL.NS,12474316070.0
TCS.NS,3618087518.0
TECHM.NS,885923456.0
TITAN.NS,887312335.0
ULTRACEMCO.NS,294169635.0
WIPRO.NS,9893437356.0
