te_max,covariance,tc_bps,ann_return,excess_return,gross_excess_return,cost_drag,realized_TE,IR,ann_turnover
0.005,ledoit_wolf,0,0.1471077502252094,0.0019715147416528023,0.0019715147416528023,0.0,0.005643781345129738,0.30914964812452583,1.470059054269806
0.005,ledoit_wolf,10,0.1457010231057969,0.0005647876222403259,0.0018077870311258583,0.0012429994088855325,0.005639216046982777,0.09156577107176414,1.2429994088855325
0.005,ledoit_wolf,20,0.14479587537008176,-0.00034036011347482464,0.001774241018281727,0.0021146011317565517,0.0056548328450535135,-0.048401278788330324,1.0573005658782757
0.005,ledoit_wolf,50,0.14358807791921802,-0.0015481575643385703,0.001872588578348809,0.0034207461426873794,0.005691581871259681,-0.23377925804413013,0.6841492285374758
0.005,sample,0,0.1472615461916429,0.002125310708086303,0.002125310708086303,0.0,0.006050248236738641,0.31203990900597556,1.660076377982838
0.005,sample,10,0.1457157406985734,0.0005795052150168178,0.0019532557909411993,0.0013737505759243815,0.006021977456872186,0.08929900414322242,1.3737505759243815
0.005,sample,20,0.144758175024442,-0.00037806045911459307,0.0019193810512042452,0.0022974415103188383,0.006010278212445266,-0.04949401759855148,1.1487207551594192
0.005,sample,50,0.14351315381916274,-0.001623081664393844,0.001970968542420941,0.003594050206814785,0.005956923001210074,-0.23347564563518822,0.718810041362957
0.01,ledoit_wolf,0,0.15004008096085708,0.004903845477300495,0.004903845477300495,0.0,0.011139270093646946,0.3912576067816613,2.7938192139256643
0.01,ledoit_wolf,10,0.14718736533822252,0.002051129854665934,0.004398394688444475,0.0023472648337785414,0.01111866451571285,0.1686065492238537,2.3472648337785413
0.01,ledoit_wolf,20,0.14554868458036507,0.00041244909680848707,0.004379360868493057,0.00396691177168457,0.011102921207731316,0.04005251544466476,1.9834558858422846
0.01,ledoit_wolf,50,0.1432246556416854,-0.0019115798418711805,0.004348826776122808,0.006260406617993988,0.010980346601087565,-0.14491842192920693,1.2520813235987975
0.01,sample,0,0.15062782685152087,0.005491591367964288,0.005491591367964288,0.0,0.01188732021515049,0.4109588951845391,3.1211512235004397
0.01,sample,10,0.14757759154040495,0.002441356056848365,0.005015545644689847,0.0025741895878414823,0.011810027856700576,0.18863573867691533,2.574189587841482
0.01,sample,20,0.14590121897735608,0.0007649834937994981,0.005047030153955374,0.004282046660155876,0.011735979319662412,0.06494192713755248,2.1410233300779375
0.01,sample,50,0.14348125715931204,-0.0016549783242445493,0.004901443009374451,0.006556421333619,0.011468309741185422,-0.11875545824533577,1.3112842667238
0.02,ledoit_wolf,0,0.1588224718904261,0.0136862364068695,0.0136862364068695,0.0,0.021573475142455587,0.5612328292338982,5.100156174097863
0.02,ledoit_wolf,10,0.15323040152377598,0.008094166040219397,0.012375231943818312,0.004281065903598914,0.02154377372804131,0.3382730846807958,4.281065903598914
0.02,ledoit_wolf,20,0.1502247948044242,0.005088559320867603,0.012314548455167343,0.007225989134299739,0.021404134162253327,0.2189753891393041,3.6129945671498693
0.02,ledoit_wolf,50,0.14544068488001716,0.000304449396460571,0.011219222191001674,0.010914772794541103,0.020871615256095363,0.0236336579607043,2.1829545589082207
0.02,sample,0,0.15961493032952045,0.014478694845963869,0.014478694845963869,0.0,0.0225574262267504,0.5681964222837079,5.459022223560126
0.02,sample,10,0.1545974399813097,0.009461204497753117,0.01399941770349844,0.004538213205745324,0.022427595645455066,0.3788673400836066,4.538213205745324
0.02,sample,20,0.15183615017424956,0.006699914690692976,0.014290420099090716,0.007590505408397741,0.02220079771851075,0.27520964995909464,3.7952527041988704
0.02,sample,50,0.14630023000420267,0.0011639945206460833,0.012425959642516193,0.01126196512187011,0.02147019581580743,0.058849297834749355,2.252393024374022
0.03,ledoit_wolf,0,0.159304216386569,0.014167980903012412,0.014167980903012412,0.0,0.024151301518427162,0.5199559435531032,5.5734759643010845
0.03,ledoit_wolf,10,0.1535605025584481,0.008424267074891523,0.01308516911283784,0.004660902037946319,0.023844570735203886,0.3191167661202792,4.660902037946318
0.03,ledoit_wolf,20,0.15058670599170765,0.005450470508151062,0.013266992282682515,0.007816521774531453,0.023455301449522896,0.21472397360244597,3.9082608872657265
0.03,ledoit_wolf,50,0.14520668157627625,7.044609271966706e-05,0.011710917082925192,0.011640470990205525,0.0223756422980391,0.014074392361994967,2.328094198041105
0.03,sample,0,0.15985192727059228,0.01471569178703569,0.01471569178703569,0.0,0.02474424245175016,0.5269911403483916,5.839142626053473
0.03,sample,10,0.1548571973837254,0.0097209619001688,0.014570668012839657,0.004849706112670856,0.02440444685544323,0.3580286303185971,4.849706112670856
0.03,sample,20,0.15205040145344784,0.0069141659698912505,0.015017909490612148,0.008103743520720897,0.024014953932239253,0.26274284929968866,4.051871760360449
0.03,sample,50,0.14606395139025063,0.0009277159066940488,0.012867261332390783,0.011939545425696734,0.022856520581235988,0.04759899434272777,2.3879090851393467
0.04,ledoit_wolf,0,0.15927132531169375,0.01413508982813716,0.01413508982813716,0.0,0.02417068362694105,0.518447645249549,5.577006502571215
0.04,ledoit_wolf,10,0.15352712482360364,0.008390889340047059,0.01305438246072403,0.004663493120676971,0.023859525908980564,0.3177629284851285,4.663493120676971
0.04,ledoit_wolf,20,0.15056646606624402,0.005430230582687434,0.013249476527317859,0.007819245944630425,0.02346415573477952,0.21392995365891793,3.9096229723152125
0.04,ledoit_wolf,50,0.1452066778475467,7.044236399011972e-05,0.011710914032130646,0.011640471668140527,0.02237564278809108,0.014074242440803056,2.3280943336281053
0.04,sample,0,0.15982200526557477,0.014685769782018188,0.014685769782018188,0.0,0.024760562849547606,0.5256724243740495,5.841819981129491
0.04,sample,10,0.1548324268719914,0.009696191388434805,0.014548037605912268,0.004851846217477463,0.024417279733439073,0.35701670366290195,4.851846217477463
0.04,sample,20,0.15203622377417925,0.006899988290622661,0.015006460415292853,0.008106472124670193,0.024023641483250764,0.2621728976178358,4.053236062335096
0.04,sample,50,0.14606393893081915,0.0009277034472625623,0.012867248707318757,0.011939545260056195,0.022856519833349066,0.04759850793563583,2.387909052011239
