seed,IR,excess_return,realized_TE,ann_turnover
1,-0.40066047148726114,-0.01133217238339812,0.02420047340467551,9.25729770998934
2,-0.23888647816756167,-0.006532798467691503,0.023699443454468158,9.165856425759712
3,0.14601713570582678,0.003780940708205005,0.024234783714930663,8.88402268862251
4,-0.2258177904179588,-0.006702288066739115,0.02369823252355115,9.155964088651064
5,-0.15727424917792815,-0.004542886459371953,0.023585783603216566,8.939839584663986
6,0.37017687432339197,0.010020489554364298,0.02345117152092351,8.970742571730286
7,0.022562675295196684,0.0005603415410015966,0.023615949587486276,9.27934595574691
8,-0.2473636601517275,-0.006955642122591366,0.023268780727961163,9.057645071423947
9,-0.12685199139267067,-0.003939367807403782,0.023666106798166286,9.044729133929884
10,-0.048843348001033106,-0.0017031854650042533,0.02270951895243745,9.070993032052408
11,-0.04956378190713193,-0.0016260599248640872,0.023792030645248756,9.188060019598494
12,0.03144982621537405,0.0008407519797901664,0.024495740539494628,9.219918709480387
13,-0.5703382764179131,-0.015578633993195368,0.02332449917069516,8.992505529585497
14,-0.3408564524180593,-0.00926668916305573,0.023555885034451822,9.101448725700727
15,-0.14156235559623695,-0.004108115495708997,0.02260080038223682,9.177364893844727
16,-0.31949663473795664,-0.009106045997862244,0.02391387820572342,9.15155737911099
17,-0.3481399345105792,-0.00945050591781671,0.023017829161188916,9.077960875558334
18,-0.6233737982056027,-0.01751642104606499,0.024484915500530603,9.402176674141288
19,0.02525446703212151,0.0005208517139185798,0.02406186089002663,9.210081876454135
20,0.01341773906469199,9.625356232967341e-05,0.023291656759129666,8.90890300216682
