metric,value
real_IR,0.3191167661202792
real_excess_return,0.008424267074891523
years,10.43
t_stat,1.0305333058034802
ir_boot_mean,0.33021671324643553
ir_boot_CI_lo,-0.2498184862688942
ir_boot_CI_hi,0.8936471256552662
excess_boot_CI_lo,-0.005975064705497501
excess_boot_CI_hi,0.020754830027523097
placebo_n,100.0
placebo_mean_IR,-0.2134104472303521
placebo_std_IR,0.2653553788058197
placebo_p_value,0.02
perm_mean_IR,0.02216702275637582
perm_std_IR,0.2534990982886667
perm_p_value,0.13
significant_5pct,0.0
