period,start,end,n_days,excess,IR,realized_TE
first_half,2016-02-01,2021-06-08,1315,0.01393016509587719,0.4650280125788361,0.02530862710825791
second_half,2021-06-09,2026-09-29,1313,0.003437866277837598,0.15446600895210597,0.022288705468028445
2016,2016-02-01,2016-12-30,225,-0.021208533789330852,-0.7263173885006302,0.026974065405771748
2017,2017-01-02,2017-12-29,248,0.0720284417106547,2.1659298370341022,0.023477967987038478
2018,2018-01-02,2018-12-31,245,0.025855550194678667,1.0033924562772445,0.024083406511028083
2019,2019-01-02,2019-12-31,241,0.012375021309097622,0.45278566715843827,0.02240188152176181
2020,2020-01-01,2020-12-31,250,-0.017933464424745305,-0.48580231581622463,0.0288875651149474
2021,2021-01-01,2021-12-31,248,0.02771925622038407,0.9238292371502539,0.023547304731228583
2022,2022-01-03,2022-12-30,248,-0.01292549141916588,-0.5554241333179037,0.02257209458331246
2023,2023-01-02,2023-12-29,245,0.039586447824075055,1.7792868823117232,0.01798696970748417
2024,2024-01-01,2024-12-31,246,0.007864782649697366,0.32711126327231216,0.024273233494274318
2025,2025-01-01,2025-12-31,249,-0.01138266310056979,-0.5159461508264297,0.019411557299271
2026,2026-01-01,2026-09-29,183,-0.012358583849118476,-0.5216640174963186,0.02774616812769854
